<?xml version="1.0" encoding="UTF-8"?>
<!DOCTYPE mapper
	PUBLIC "-//mybatis.org//DTD Mapper 3.0//EN"
	"http://mybatis.org/dtd/mybatis-3-mapper.dtd">
<mapper namespace="com.peisia.mapper.GuestMapper">
	<!-- resultType 에 복수형(ArrayList 등)을 적는게 아님. 
	그냥 vo 단수의 경로를 적어야됨. -->
	<select id="getList" resultType="com.peisia.domain.GuestVO">
		SELECT * from tbl_guest limit #{limitIndex} , 5
	</select>
	
	<select id="read" resultType="com.peisia.domain.GuestVO">
		<!-- #{bno} << 마이바티스 문법임. -->
		<!--
			매퍼 인터페이스의 read 함수의 매개변수로 넘어오는 값을 받아 처리하는 sql문임.
			
			매개변수로 넘어온 값을 sql 에 삽입하려면
			
			해당 매개변수명을 #{ } 로 묶으면 안에 값이 뿅 나옴.
		-->
		select * from tbl_guest where bno = #{bno}
	</select>	
	
	<delete id="del">
		delete from tbl_guest where bno = #{bno}
	</delete>
	
	<insert id="write">
		insert into tbl_guest (btext) values (#{btext})
	</insert>	
	
	<update id="modify">
		update tbl_guest set btext = #{btext} where bno = #{bno}
	</update>
</mapper>